insert into drivers (id, name, license_number, is_deleted, login, password) values (1, 'Fletch', '49-7426658', false, 'fjerome0@ustream.tv', 'JQQo0igaYbze');
insert into drivers (id, name, license_number, is_deleted, login, password) values (2, 'Dacia', '08-5852510', true, 'dshard1@moonfruit.com', 'tDiKWWaxz');
insert into drivers (id, name, license_number, is_deleted, login, password) values (3, 'Jsandye', '57-8465044', true, 'jvequaud2@spiegel.de', 'sXPPdAA');
insert into drivers (id, name, license_number, is_deleted, login, password) values (4, 'Angus', '98-9284280', true, 'amayger3@rakuten.co.jp', 'bHGXpXxeX');
insert into drivers (id, name, license_number, is_deleted, login, password) values (5, 'Kamillah', '68-7157836', false, 'kzanolli4@ebay.co.uk', 'Bhs0r5t');
insert into drivers (id, name, license_number, is_deleted, login, password) values (6, 'Amandie', '49-7326211', false, 'asalaman5@npr.org', '9YX4JF6');
insert into drivers (id, name, license_number, is_deleted, login, password) values (7, 'Caressa', '03-3325099', false, 'ctansly6@ucoz.com', 'CBr5ps7C');
insert into drivers (id, name, license_number, is_deleted, login, password) values (8, 'Shannen', '77-7723778', false, 'sgarm7@netscape.com', 'RSE7QXU');
insert into drivers (id, name, license_number, is_deleted, login, password) values (9, 'Silva', '05-9682399', true, 'srosenau8@ycombinator.com', 'vkuB4d605D');
insert into drivers (id, name, license_number, is_deleted, login, password) values (10, 'Gerhard', '05-4144661', false, 'gleddie9@uiuc.edu', 'ivRbEjBzLG');
insert into manufacturers (id, name, country, is_deleted) values (1, 'Ford', 'Czech Republic', true);
insert into manufacturers (id, name, country, is_deleted) values (2, 'Subaru', 'Ukraine', false);
insert into manufacturers (id, name, country, is_deleted) values (3, 'Lincoln', 'Peru', true);
insert into manufacturers (id, name, country, is_deleted) values (4, 'Bentley', 'Samoa', false);
insert into manufacturers (id, name, country, is_deleted) values (5, 'Mazda', 'Portugal', false);
insert into manufacturers (id, name, country, is_deleted) values (6, 'Hyundai', 'Dominican Republic', true);
insert into manufacturers (id, name, country, is_deleted) values (7, 'Jeep', 'France', true);
insert into manufacturers (id, name, country, is_deleted) values (8, 'Kia', 'China', false);
insert into manufacturers (id, name, country, is_deleted) values (9, 'Pontiac', 'Zambia', false);
insert into manufacturers (id, name, country, is_deleted) values (10, 'Volkswagen', 'Brazil', false);
insert into cars (id, model, manufacturer_id, is_deleted) values (1, 'Concorde', 1, false);
insert into cars (id, model, manufacturer_id, is_deleted) values (2, 'Phantom', 2, false);
insert into cars (id, model, manufacturer_id, is_deleted) values (3, 'RX-8', 3, false);
insert into cars (id, model, manufacturer_id, is_deleted) values (4, 'Nubira', 4, true);
insert into cars (id, model, manufacturer_id, is_deleted) values (5, 'Optima', 5, true);
insert into cars (id, model, manufacturer_id, is_deleted) values (6, 'S70', 6, true);
insert into cars (id, model, manufacturer_id, is_deleted) values (7, 'Ridgeline', 7, false);
insert into cars (id, model, manufacturer_id, is_deleted) values (8, 'Escalade', 8, true);
insert into cars (id, model, manufacturer_id, is_deleted) values (9, 'Accord', 9, true);
insert into cars (id, model, manufacturer_id, is_deleted) values (10, 'T100', 10, false);
insert into cars_drivers (car_id, driver_id) values (1, 1);
insert into cars_drivers (car_id, driver_id) values (1, 2);
insert into cars_drivers (car_id, driver_id) values (2, 2);
insert into cars_drivers (car_id, driver_id) values (2, 1);
insert into cars_drivers (car_id, driver_id) values (3, 3);
insert into cars_drivers (car_id, driver_id) values (3, 2);
insert into cars_drivers (car_id, driver_id) values (4, 1);
insert into cars_drivers (car_id, driver_id) values (4, 4);
insert into cars_drivers (car_id, driver_id) values (5, 4);
insert into cars_drivers (car_id, driver_id) values (5, 5);
insert into cars_drivers (car_id, driver_id) values (6, 5);
insert into cars_drivers (car_id, driver_id) values (6, 7);
insert into cars_drivers (car_id, driver_id) values (7, 8);
insert into cars_drivers (car_id, driver_id) values (7, 7);
insert into cars_drivers (car_id, driver_id) values (8, 3);
insert into cars_drivers (car_id, driver_id) values (8, 8);
insert into cars_drivers (car_id, driver_id) values (9, 7);
insert into cars_drivers (car_id, driver_id) values (9, 9);
insert into cars_drivers (car_id, driver_id) values (10, 1);
insert into cars_drivers (car_id, driver_id) values (10, 10);
